profile,notes,historical_ms,round3_ms,round4_ms,historical_change_pct,round3_change_pct,round4_rss_mib
basic-mixed-text-v1,100,23.0535,34.004000000000005,30.799,33.597935237599486,-9.425361722150349,14.25
basic-mixed-text-v1,200,25.0285,37.650999999999996,32.078,28.165890884391807,-14.801731693713293,15.578125
basic-mixed-text-v1,500,34.763000000000005,45.985,46.2555,33.059574835313384,0.588235294117645,19.9375
basic-mixed-text-v1,1000,53.871,60.506,58.573499999999996,8.729186389708744,-3.1938981258057164,27.25
basic-image-unique-v2,100,40.4955,52.1335,50.567,24.870664641750317,-3.0047857903267583,22.8125
basic-image-unique-v2,200,62.847,84.87950000000001,73.1645,16.416853628653726,-13.801919191324174,24.625
basic-image-unique-v2,500,114.956,168.603,147.5595,28.36172100629808,-12.481094642444079,30.75
basic-image-unique-v2,1000,238.638,336.36,271.101,13.60344957634576,-19.401534070638604,40.125
basic-audio-unique-v2,100,36.375,48.070499999999996,42.69,17.360824742268033,-11.192935376166258,22.46875
basic-audio-unique-v2,200,50.4315,67.037,60.7915,20.542716357831914,-9.316496859943024,25.625
basic-audio-unique-v2,500,93.4525,126.9405,111.3195,19.1188036703138,-12.305765299490702,31.453125
basic-audio-unique-v2,1000,175.458,249.902,201.548,14.869655416110984,-19.349184880473135,41.0625
basic-mixed-unique-v2,100,33.647499999999994,50.349500000000006,44.513999999999996,32.29511850806153,-11.589985997874875,23.703125
basic-mixed-unique-v2,200,46.185500000000005,72.35849999999999,57.453,24.396184949821897,-20.599514915317474,26.4375
basic-mixed-unique-v2,500,87.337,116.978,109.404,25.266496444805743,-6.474721742549883,31.734375
basic-mixed-unique-v2,1000,160.06,208.2425,183.74450000000002,14.797263526177694,-11.764169177761497,40.6875
basic-mixed-shared-v2,100,32.535,41.5265,37.704,15.887505763024446,-9.204965503955298,22.4375
basic-mixed-shared-v2,200,35.5835,45.1265,43.736000000000004,22.910899714755438,-3.0813380164648185,23.625
basic-mixed-shared-v2,500,45.3465,64.344,55.242,21.821970824650183,-14.14584110406565,28.484375
basic-mixed-shared-v2,1000,69.0535,78.9795,71.9205,4.151853273186745,-8.937762330731392,35.546875
