profile,label,notes,sep21_ms,current_ms,time_change_pct,sep21_rss_mib,current_rss_mib,rss_change_mib,rss_change_pct,sep21_apkg_bytes,current_apkg_bytes,apkg_change_pct,genanki_ms
basic-mixed-text-v1,纯文本,100,23.0535,25.4965,10.597089379053081,14.765625,10.515625,-4.25,-28.78306878306879,73751.0,96384.0,30.68839744545837,91.8425
basic-mixed-text-v1,纯文本,200,25.0285,26.610500000000002,6.320794294504273,16.40625,11.765625,-4.640625,-28.28571428571428,88904.0,134363.5,51.13324484837578,90.3695
basic-mixed-text-v1,纯文本,500,34.763000000000005,35.7115,2.7284756781635444,21.34375,15.234375,-6.109375,-28.623718887262083,133802.0,247736.0,85.15119355465539,93.656
basic-mixed-text-v1,纯文本,1000,53.871,52.692,-2.1885615637355915,30.0625,21.90625,-8.15625,-27.13097713097713,209225.0,436478.0,108.6165611184132,105.02799999999999
basic-image-unique-v2,独立图片,100,40.4955,35.5205,-12.285315652356443,20.765625,19.890625,-0.875,-4.213694507148236,6501080.0,6539949.0,0.5978852744467078,110.5615
basic-image-unique-v2,独立图片,200,62.847,49.337,-21.49665059589161,22.75,28.03125,5.28125,23.214285714285722,12943711.0,13021880.0,0.6039149050840242,134.93200000000002
basic-image-unique-v2,独立图片,500,114.956,82.80699999999999,-27.966352343505353,28.828125,52.265625,23.4375,81.30081300813008,32270817.0,32466414.0,0.6061110879219456,201.18099999999998
basic-image-unique-v2,独立图片,1000,238.638,150.73450000000003,-36.83549979466807,40.25,92.453125,52.203125,129.69720496894408,64481665.0,64874061.0,0.6085388769039968,320.173
basic-audio-unique-v2,独立音频,100,36.375,35.3615,-2.786254295532642,19.65625,17.875,-1.78125,-9.062003179650235,3260724.0,3299762.0,1.197218777179554,108.33449999999999
basic-audio-unique-v2,独立音频,200,50.4315,42.735,-15.261295023943367,21.9375,23.171875,1.234375,5.626780626780636,6482423.0,6560738.0,1.2081130774711957,125.321
basic-audio-unique-v2,独立音频,500,93.4525,74.191,-20.61100559107568,28.5,38.0,9.5,33.33333333333333,16130124.0,16325984.0,1.2142498098588694,180.377
basic-audio-unique-v2,独立音频,1000,175.458,128.65949999999998,-26.6721950552269,39.5625,62.65625,23.09375,58.372827804107416,32206630.0,32597929.5,1.214965676321933,275.447
basic-mixed-unique-v2,混合独立媒体,100,33.647499999999994,33.9705,0.9599524481759714,20.078125,19.15625,-0.921875,-4.591439688715948,3602017.0,3636124.0,0.9468861474001944,104.02799999999999
basic-mixed-unique-v2,混合独立媒体,200,46.185500000000005,40.0025,-13.387318530707704,22.265625,24.28125,2.015625,9.052631578947379,7150235.0,7218534.0,0.955199374566007,121.6135
basic-mixed-unique-v2,混合独立媒体,500,87.337,66.23400000000001,-24.162725992420153,28.09375,39.609375,11.515625,40.98998887652947,17788371.0,17959346.0,0.9611616488097718,165.6395
basic-mixed-unique-v2,混合独立媒体,1000,160.06,110.476,-30.978383106335126,38.1875,65.1875,27.0,70.7037643207856,35516477.0,35858389.0,0.9626855726709627,239.494
basic-mixed-shared-v2,混合共享媒体,100,32.535,31.3655,-3.594590441063461,20.0,17.8125,-2.1875,-10.9375,2541408.0,2572092.0,1.2073622181090204,97.7995
basic-mixed-shared-v2,混合共享媒体,200,35.5835,33.644,-5.45055995053888,21.5,18.96875,-2.53125,-11.773255813953487,2557021.0,2610637.0,2.0968150046479783,101.456
basic-mixed-shared-v2,混合共享媒体,500,45.3465,46.599999999999994,2.764270671385871,26.515625,22.890625,-3.625,-13.671184443134942,2603635.0,2725255.0,4.671161664365386,107.24600000000001
basic-mixed-shared-v2,混合共享媒体,1000,69.0535,61.3505,-11.15511885711804,35.0625,29.359375,-5.703125,-16.265597147950082,2681091.0,2916193.0,8.768892961857699,112.9115
