profile,label,notes,rust_time_ms_after,rust_time_ms_preoptimization,rust_time_ms_change_from_preoptimization_pct,rust_time_ms_historical,rust_time_ms_change_from_historical_pct,rust_rss_mib_after,rust_rss_mib_preoptimization,rust_rss_mib_change_from_preoptimization_pct,rust_rss_mib_historical,rust_rss_mib_change_from_historical_pct,rust_apkg_bytes_after,rust_apkg_bytes_preoptimization,rust_apkg_bytes_change_from_preoptimization_pct,rust_apkg_bytes_historical,rust_apkg_bytes_change_from_historical_pct,rust_time_ms_after_q1,rust_time_ms_after_q3,genanki_time_ms_after,genanki_time_ms_preoptimization,genanki_time_ms_change_from_preoptimization_pct,genanki_time_ms_historical,genanki_time_ms_change_from_historical_pct,genanki_rss_mib_after,genanki_rss_mib_preoptimization,genanki_rss_mib_change_from_preoptimization_pct,genanki_rss_mib_historical,genanki_rss_mib_change_from_historical_pct,genanki_apkg_bytes_after,genanki_apkg_bytes_preoptimization,genanki_apkg_bytes_change_from_preoptimization_pct,genanki_apkg_bytes_historical,genanki_apkg_bytes_change_from_historical_pct,genanki_time_ms_after_q1,genanki_time_ms_after_q3,rust_over_genanki_after,rust_over_genanki_relative_change_pct
basic-mixed-text-v1,纯文本,100,31.381500000000003,40.036,-21.616794884603852,23.0535,36.12466653653459,14.09375,14.03125,0.44543429844097204,14.765625,-4.550264550264549,96381.5,96382.0,-0.0005187690647612264,73751.0,30.685007660913065,29.99325,35.41275,89.6755,112.55199999999999,-20.325271874333637,95.9365,-6.526191803953651,26.703125,28.109375,-5.002779321845474,27.640625,-3.39174674957603,135386.0,135386.0,0.0,135386.0,0.0,84.85125,91.76575,0.34994507975980066,-1.6209945620814237
basic-mixed-text-v1,纯文本,200,34.519999999999996,45.411,-23.983175882495445,25.0285,37.92276804442933,15.796875,15.703125,0.5970149253731405,16.40625,-3.7142857142857144,134361.0,134362.0,-0.0007442580491456852,88904.0,51.130432826419515,33.69925,36.5815,89.2565,116.467,-23.363270282569303,96.599,-7.601010362426108,27.109375,28.5,-4.879385964912286,28.078125,-3.4501947690595447,209114.0,209114.0,0.0,209114.0,0.0,85.2745,91.638,0.3867505447782514,-0.8088883779511447
basic-mixed-text-v1,纯文本,500,48.3335,59.9375,-19.360166840458813,34.763000000000005,39.03719471852254,20.515625,20.296875,1.0777521170130866,21.34375,-3.879941434846268,247733.0,247734.5,-0.0006054869224891846,133802.0,85.14895143570351,43.914249999999996,59.13775,96.1445,123.65299999999999,-22.24652859210856,103.60900000000001,-7.204489957436144,29.515625,29.46875,0.15906680805939377,29.65625,-0.474183350895685,475354.0,475354.0,0.0,475354.0,0.0,94.15225,98.4975,0.5027172641180723,3.7121966381513882
basic-mixed-text-v1,纯文本,1000,61.5935,90.99000000000001,-32.307396417188706,53.871,14.335171056783791,28.984375,28.40625,2.0352035203520247,30.0625,-3.5862785862785906,436477.0,436478.0,-0.00022910662164088436,209225.0,108.61608316405781,58.5985,64.86075,103.06049999999999,132.2685,-22.082355209290196,115.4695,-10.74656078011943,31.328125,32.671875,-4.112864658058346,32.640625,-4.021062709430345,868570.0,868570.0,0.0,868570.0,0.0,101.333,109.78,0.5976441022506198,-13.122882801916603
basic-image-unique-v2,独立图片,100,56.346000000000004,950.267,-94.07050860442381,40.4955,39.141386079934826,24.265625,22.953125,5.718175629680045,20.765625,16.85477802859292,6539947.0,6539948.0,-1.5290641453002962e-05,6501080.0,0.5978545103275223,54.664,60.322,108.905,140.40300000000002,-22.433993575635856,122.781,-11.30142285858562,27.875,28.34375,-1.6538037486218293,28.640625,-2.67321331151118,6565050.0,6565050.0,0.0,6565050.0,0.0,107.63925,110.3615,0.5173867131903953,-92.35555410299725
basic-image-unique-v2,独立图片,200,95.485,2003.6354999999999,-95.23441264641198,62.847,51.93247092144413,26.6875,31.40625,-15.024875621890544,22.75,17.307692307692314,13021878.0,13021878.0,0.0,12943711.0,0.603899453564738,93.98949999999999,100.0345,129.255,174.0735,-25.746882782273005,153.9725,-16.05319131663122,28.03125,29.3125,-4.371002132196167,28.890625,-2.9745808545159513,13068774.0,13068774.0,0.0,13068774.0,0.0,125.084,133.20075,0.7387335112761596,-93.58196998031177
basic-image-unique-v2,独立图片,500,202.047,4833.23,-95.81962786790615,114.956,75.76029089390724,33.015625,56.40625,-41.468144044321335,28.828125,14.525745257452582,32466412.0,32466413.0,-3.0801062034235827e-06,32270817.0,0.6061048903720057,199.86675,206.337,197.632,265.641,-25.601846100564295,224.2305,-11.862124019702936,31.40625,31.5,-0.29761904761904656,31.875,-1.4705882352941124,32633194.0,32633194.0,0.0,32633194.0,0.0,190.88975,199.95024999999998,1.0223394996761657,-94.38108082931133
basic-image-unique-v2,独立图片,1000,408.419,9863.0955,-95.85911948231669,238.638,71.14583595236299,44.390625,98.28125,-54.83306836248012,40.25,10.287267080745345,64874059.0,64874059.0,0.0,64481665.0,0.6085357752471099,403.65575,417.429,321.007,424.981,-24.4655643428765,365.4905,-12.170904578915188,35.28125,35.765625,-1.3543031891655732,35.765625,-1.3543031891655732,65192774.0,65192774.0,0.0,65192774.0,0.0,296.2705,336.3095,1.2723055883516559,-94.51789044075184
basic-audio-unique-v2,独立音频,100,50.0745,943.5845,-94.69316208564257,36.375,37.661855670103094,22.71875,19.6875,15.396825396825387,19.65625,15.580286168521473,3299760.0,3299761.0,-3.030522514047007e-05,3260724.0,1.1971574411081765,46.169,57.247,104.061,137.872,-24.523471045607526,112.2445,-7.290780394585028,27.84375,28.171875,-1.1647254575707144,28.515625,-2.356164383561643,3354250.0,3354250.0,0.0,3354250.0,0.0,100.17425,108.608,0.48120333266065096,-92.96888981531708
basic-audio-unique-v2,独立音频,200,75.37049999999999,1942.411,-96.11974499732548,50.4315,49.45123583474613,25.9375,25.046875,3.5558328134747352,21.9375,18.233618233618245,6560735.0,6560737.0,-3.0484380031392533e-05,6482423.0,1.2080667984795124,73.15925,77.8425,123.3365,159.988,-22.908905667925094,137.20850000000002,-10.110160813652225,27.6875,29.71875,-6.834910620399581,29.109375,-4.884594739667203,6643078.0,6643078.0,0.0,6643078.0,0.0,122.541,130.04825,0.6110964718473444,-94.96666244487325
basic-audio-unique-v2,独立音频,500,169.40449999999998,4606.968,-96.32286354061934,93.4525,81.27337417404561,32.9375,40.578125,-18.829418559876775,28.5,15.57017543859649,16325984.5,16325986.0,-9.18780648229145e-06,16130124.0,1.2142529096490495,167.78975,173.99575,178.844,230.25400000000002,-22.327516568658968,193.36950000000002,-7.51178443342927,31.046875,31.734375,-2.1664204825209255,32.03125,-3.07317073170732,16562810.0,16562810.0,0.0,16562810.0,0.0,174.20225,180.82425,0.9472193643622374,-95.26584409698825
basic-audio-unique-v2,独立音频,1000,348.73900000000003,9388.619,-96.28551334333622,175.458,98.75924722725668,43.75,66.796875,-34.50292397660819,39.5625,10.584518167456558,32597928.0,32597929.0,-3.0676795437223348e-06,32206630.0,1.2149610188957993,339.1345,351.983,272.92499999999995,386.33299999999997,-29.354986501282575,298.8485,-8.674462143862204,35.75,36.15625,-1.1235955056179803,36.234375,-1.3367830961621419,33043814.0,33043814.0,0.0,33043814.0,0.0,263.82000000000005,280.065,1.277783273793167,-94.74203985150174
basic-mixed-unique-v2,混合独立媒体,100,47.0585,659.8820000000001,-92.86864924334957,33.647499999999994,39.857344527825276,23.203125,19.734375,17.5771971496437,20.078125,15.56420233463034,3636121.0,3636122.0,-2.7501827493114916e-05,3602017.0,0.9468028607305223,44.08075,59.49525,102.16,139.40499999999997,-26.717119185108128,111.81,-8.630712816384944,27.40625,28.28125,-3.0939226519337004,28.296875,-3.1474323578133623,3674130.0,3674130.0,0.0,3674130.0,0.0,100.2025,103.56875,0.4606352779953015,-90.26873578474107
basic-mixed-unique-v2,混合独立媒体,200,71.70349999999999,1393.252,-94.85351537266769,46.185500000000005,55.251106949150675,26.453125,25.296875,4.570722668313776,22.265625,18.80701754385965,7218532.0,7218533.0,-1.3853230285132412e-05,7150235.0,0.9551714034573777,65.39975,76.10525,121.3925,151.236,-19.733066201169024,127.40100000000001,-4.716211018751826,28.515625,28.890625,-1.297998918334231,29.21875,-2.4064171122994638,7282658.0,7282658.0,0.0,7282658.0,0.0,114.23599999999999,125.14175,0.5906748769487405,-93.58828799885306
basic-mixed-unique-v2,混合独立媒体,500,143.5935,3276.538,-95.6175237399963,87.337,64.41313532637942,32.390625,41.703125,-22.33046084675908,28.09375,15.294771968854292,17959345.0,17959347.0,-1.113626235671461e-05,17788371.0,0.9611560271595376,140.42675,145.29575,158.7935,212.2025,-25.16888349571753,177.579,-10.57867202766094,30.03125,31.5625,-4.851485148514856,31.21875,-3.803803803803807,18161760.0,18161760.0,0.0,18161760.0,0.0,155.28275000000002,160.2815,0.9042781977851739,-94.14351079506758
basic-mixed-unique-v2,混合独立媒体,1000,267.57050000000004,6649.202,-95.97590056671463,160.06,67.16887417218544,42.734375,68.171875,-37.31377492550997,38.1875,11.90671031096564,35858387.0,35858388.0,-2.788747777149325e-06,35516477.0,0.9626799414818032,262.48425,284.8885,231.51600000000002,341.0005,-32.10684441811667,279.531,-17.176985736823458,34.21875,35.125,-2.5800711743772187,35.203125,-2.79627163781625,36249906.0,36249906.0,0.0,36249906.0,0.0,229.48024999999998,244.653,1.1557322172117694,-94.07289380086029
basic-mixed-shared-v2,混合共享媒体,100,45.6395,461.25300000000004,-90.10532180820505,32.535,40.27816197940681,21.953125,18.375,19.47278911564625,20.0,9.765625,2572089.0,2572090.5,-5.8318321227712744e-05,2541408.0,1.2072441733086636,39.64025,61.7085,99.42949999999999,129.3855,-23.152517090400405,110.1425,-9.726490682524913,27.125,28.046875,-3.2869080779944326,27.96875,-3.016759776536315,2613726.0,2613726.0,0.0,2613726.0,0.0,96.19125,100.40425,0.45901367300449064,-87.12426508043903
basic-mixed-shared-v2,混合共享媒体,200,43.834,447.79499999999996,-90.21114572516441,35.5835,23.18630826085124,23.640625,20.203125,17.014694508894035,21.5,9.95639534883721,2610635.0,2610637.0,-7.660965504197037e-05,2557021.0,2.0967367886302046,43.39625,45.813,99.377,133.19799999999998,-25.39152239523115,106.5685,-6.748241741227479,27.796875,28.5,-2.4671052631578982,28.78125,-3.420195439739415,2687454.0,2687454.0,0.0,2687454.0,0.0,98.79625,101.208,0.4410879781035854,-86.87970242913804
basic-mixed-shared-v2,混合共享媒体,500,57.441,460.89300000000003,-87.53702052320169,45.3465,26.671297674572457,28.46875,24.796875,14.807813484562061,26.515625,7.365939893930462,2725253.0,2725254.0,-3.66938274432016e-05,2603635.0,4.671084848682705,54.911,59.586,102.2695,134.28699999999998,-23.84259086881082,112.43,-9.037178688962033,29.125,29.921875,-2.6631853785900828,30.28125,-3.818369453044379,2961886.0,2961886.0,0.0,2961886.0,0.0,99.6875,104.4085,0.5616630569231297,-83.63523704524991
basic-mixed-shared-v2,混合共享媒体,1000,85.22200000000001,492.39250000000004,-82.69226277816986,69.0535,23.41445401029638,36.9375,32.90625,12.250712250712258,35.0625,5.3475935828877,2916192.0,2916193.0,-3.429128319076824e-05,2681091.0,8.768855663608587,74.27449999999999,91.68125,114.32849999999999,142.93099999999998,-20.01140410407819,124.0425,-7.8311868915895815,32.65625,33.34375,-2.0618556701030966,33.3125,-1.9699812382739212,3375582.0,3375582.0,0.0,3375582.0,0.0,112.026,118.70675,0.7454134358449557,-78.36224398244178
