group,profile,mode,baseline_ms,candidate_ms,time_reduction_percent,baseline_rss_mib,candidate_rss_mib,rss_increase_mib,paired_saving_ms,paired_low_ms,paired_high_ms,package_change_percent
codec-formal,image1k,pledged,205.3355,206.11849999999998,-0.38132714508694043,36.40625,35.953125,-0.453125,0.4759999999999991,-6.61699999999999,3.1939999999999884,0.0015406773938408946
codec-formal,image1k,bulk,205.3355,200.721,2.2472977152026785,36.40625,35.515625,-0.890625,2.3574999999999875,-0.24500000000000455,5.548999999999992,0.0015406773938408946
codec-formal,audio1k,pledged,168.582,167.0275,0.9221031901389232,37.96875,36.625,-1.34375,0.45950000000000557,-1.5230000000000103,9.253,0.0030676795449213756
codec-formal,audio1k,bulk,168.582,166.07049999999998,1.4897794545087883,37.96875,36.296875,-1.671875,1.2355000000000018,-1.4145000000000039,10.52000000000001,0.0030676795449213756
codec-formal,large2m,pledged,101.0135,99.67949999999999,1.3206155612863646,29.75,30.671875,0.921875,1.0850000000000009,-0.7169999999999987,3.8584999999999923,0.00014261876366550297
codec-formal,large2m,bulk,101.0135,94.88499999999999,6.067010845085063,29.75,39.59375,9.84375,5.375499999999995,3.7439999999999998,10.1445,0.0
codec-formal,large8m,pledged,276.17650000000003,276.105,0.025889241119358974,20.453125,20.578125,0.125,-3.11099999999999,-11.872499999999974,0.5919999999999845,4.7612608589098215e-05
codec-formal,large8m,bulk,276.17650000000003,265.4135,3.8971454848620524,20.453125,36.921875,16.46875,9.9435,2.4495000000000005,14.249000000000024,1.1903152152825669e-05
confirm-large,large2m,original,106.9525,106.304,0.6063439377293589,29.84375,30.015625,0.171875,-1.1495000000000033,-7.0,5.424500000000002,2.9712243776458536e-06
confirm-large,large2m,pool16,106.9525,99.96799999999999,6.530469133493854,29.84375,33.5625,3.71875,10.883499999999998,1.1079999999999899,16.575000000000003,2.9712243776458536e-06
confirm-large,large2m,bulk,106.9525,102.602,4.067693602300082,29.84375,39.375,9.53125,3.186,-6.823999999999998,6.1205,2.9712243776458536e-06
confirm-large,large2m,bulk-pool16,106.9525,95.85300000000001,10.377971529417263,29.84375,43.125,13.28125,10.740500000000004,-12.060500000000005,17.1265,1.4856121888229268e-06
confirm-large,large2m,import4-pool16,106.9525,72.863,31.873495243215444,29.84375,34.203125,4.359375,33.2105,26.239999999999995,36.32899999999999,2.9712243776458536e-06
confirm-large,large8m,original,302.0725,301.69550000000004,0.12480447574669817,21.4375,20.609375,-0.828125,-4.671500000000009,-23.57849999999999,7.269499999999994,0.0
confirm-large,large8m,pool16,302.0725,258.6145,14.386612485413263,21.4375,24.0625,2.625,38.681,23.711000000000013,55.28199999999998,0.0
confirm-large,large8m,bulk,302.0725,280.318,7.201747924753166,21.4375,37.046875,15.609375,24.142999999999972,-1.991500000000002,29.632499999999993,1.1903152152825669e-05
confirm-large,large8m,bulk-pool16,302.0725,252.151,16.526330599442186,21.4375,41.40625,19.96875,50.638999999999996,34.6095,67.02100000000002,1.1903152152825669e-05
confirm-large,large8m,import4-pool16,302.0725,222.821,26.23592018472386,21.4375,25.015625,3.578125,79.419,61.6285,95.50000000000003,0.0
confirm-media,image1k,original,221.40800000000002,221.99200000000002,-0.2637664402370232,36.328125,36.25,-0.078125,6.993999999999986,-17.3245,21.730999999999995,-7.707240734511345e-07
confirm-media,image1k,import4,221.40800000000002,160.3305,27.585949920508746,36.328125,36.859375,0.53125,60.414,47.64599999999999,73.58449999999999,-7.707240734511345e-07
confirm-media,image1k,import4-m64,221.40800000000002,147.8995,33.20047152767742,36.328125,95.46875,59.140625,69.431,64.9725,87.28299999999999,0.0
confirm-media,audio1k,original,173.3635,176.368,-1.7330637648639957,37.640625,38.5,0.859375,0.15099999999999625,-10.21050000000001,5.951999999999998,0.0
confirm-media,audio1k,import4,173.3635,135.3255,21.94118139054645,37.640625,38.671875,1.03125,37.399,30.77199999999999,42.204499999999996,0.0
confirm-media,audio1k,import4-m64,173.3635,129.63850000000002,25.221572014870475,37.640625,65.921875,28.28125,43.644000000000005,38.416499999999985,47.328,0.0
confirm-media,shared1k,original,62.535,62.230999999999995,0.4861277684496734,32.171875,32.515625,0.34375,0.5624999999999964,-2.1940000000000026,4.417000000000002,0.0
confirm-media,shared1k,import4,62.535,60.816,2.7488606380426828,32.171875,32.734375,0.5625,2.2509999999999977,0.11500000000000199,4.924500000000002,0.0
confirm-media,shared1k,import4-m64,62.535,61.009,2.4402334692572136,32.171875,32.71875,0.546875,1.9585000000000008,-2.1030000000000015,4.309000000000005,0.0
confirm-text,text1k,original,52.159,52.6275,-0.8982150731417393,24.703125,25.53125,0.828125,-0.3465000000000025,-13.722000000000005,3.631999999999998,0.0
confirm-text,text1k,cache16-w4,52.159,50.670500000000004,2.8537740370789266,24.703125,26.21875,1.515625,3.3550000000000004,-2.977999999999998,5.3530000000000015,0.0
confirm-text,text1k,cache64-w4,52.159,50.025999999999996,4.089418892233365,24.703125,26.265625,1.5625,3.0329999999999977,-2.0360000000000014,6.635999999999996,0.0
confirm-text,text1k,cache16-render4,52.159,51.058,2.110853352249853,24.703125,26.546875,1.84375,0.11400000000000077,-1.6299999999999955,7.936999999999998,0.0
confirm-text,text10k,original,336.454,344.01800000000003,-2.2481527935468204,116.09375,118.390625,2.296875,-6.993499999999983,-16.13749999999996,22.02600000000001,-0.0015134762791246814
confirm-text,text10k,cache16-w4,336.454,328.301,2.4232138717328433,116.09375,127.96875,11.875,11.471000000000032,-1.3249999999999886,43.25999999999999,-1.3634921436356251e-05
confirm-text,text10k,cache64-w4,336.454,322.852,4.04275175804123,116.09375,128.328125,12.234375,8.441500000000019,1.1690000000000396,41.13550000000001,1.3634921436356251e-05
confirm-text,text10k,cache16-render4,336.454,325.4825,3.2609212552087374,116.09375,128.734375,12.640625,10.971499999999992,4.890500000000031,47.468500000000006,0.0
confirm-text,wide1k,original,333.259,340.853,-2.2787081519178853,139.09375,140.109375,1.015625,-5.1980000000000075,-18.229499999999973,23.65599999999995,-0.00024561888002372356
confirm-text,wide1k,cache16-w4,333.259,330.1345,0.9375590756738772,139.09375,160.703125,21.609375,2.4384999999999764,-4.653999999999996,16.947000000000003,-6.941403131177637e-05
confirm-text,wide1k,cache64-w4,333.259,330.61350000000004,0.793827023426219,139.09375,171.203125,32.109375,0.5500000000000114,-15.31049999999999,14.630000000000052,0.004709475047315337
confirm-text,wide1k,cache16-render4,333.259,336.83,-1.071538953186546,139.09375,160.9375,21.84375,10.520499999999998,-18.552999999999997,28.95599999999996,0.004714814588191452
control-formal,text1k,original,51.876000000000005,49.789,4.02305497725346,24.703125,25.109375,0.40625,0.8924999999999983,-1.3729999999999976,3.385000000000005,0.0
control-formal,text10k,original,323.666,322.986,0.21009312068613895,118.359375,118.671875,0.3125,0.5519999999999925,-4.342000000000013,15.073000000000036,0.0
control-formal,wide1k,original,327.063,329.77549999999997,-0.8293509201590998,120.921875,139.703125,18.78125,-7.919000000000011,-12.83499999999998,22.991000000000042,-3.737311426998957e-05
control-formal,image1k,original,217.3775,216.622,0.3475520695564116,36.015625,36.515625,0.5,-6.484499999999997,-9.722000000000008,5.7760000000000105,0.0
import-formal,image1k,w1-m16,225.446,218.4615,3.098081136946318,36.03125,48.78125,12.75,8.243499999999983,-1.4000000000000057,16.319000000000003,0.0
import-formal,image1k,w1-m64,225.446,206.3155,8.485624051879393,36.03125,95.453125,59.421875,16.613500000000002,4.686000000000007,31.599999999999994,0.0
import-formal,image1k,w2-m4,225.446,178.16750000000002,20.97109729159088,36.03125,36.671875,0.640625,42.0235,34.78699999999999,64.542,-7.707240623489042e-07
import-formal,image1k,w2-m16,225.446,170.587,24.33354328752784,36.03125,48.921875,12.890625,41.37549999999999,22.0835,67.549,0.0
import-formal,image1k,w2-m64,225.446,166.06799999999998,26.338014424740297,36.03125,95.296875,59.265625,57.4015,45.882000000000005,71.421,-7.707240623489042e-07
import-formal,image1k,w4-m4,225.446,159.5355,29.2356040914454,36.03125,36.671875,0.640625,61.465999999999994,53.748999999999995,81.64699999999999,-7.707240623489042e-07
import-formal,image1k,w4-m16,225.446,158.90449999999998,29.515493732423735,36.03125,48.9375,12.90625,59.175499999999985,47.706,69.091,-7.707240623489042e-07
import-formal,image1k,w4-m64,225.446,151.45350000000002,32.82049803500615,36.03125,95.125,59.09375,67.33049999999999,39.4055,87.459,0.0
import-formal,image1k,w1-m32,225.446,215.0315,4.619509771741348,36.03125,65.109375,29.078125,8.111999999999995,-7.683000000000007,20.644999999999996,0.0
import-formal,audio1k,w1-m16,183.064,174.671,4.58473539308657,38.125,50.296875,12.171875,3.2649999999999864,-3.6340000000000146,10.190999999999988,0.0
import-formal,audio1k,w1-m64,183.064,172.308,5.875540794476253,38.125,65.640625,27.515625,12.8155,-0.18000000000000682,18.833,0.0
import-formal,audio1k,w2-m4,183.064,150.702,17.677970545820042,38.125,38.21875,0.09375,26.918000000000006,15.388500000000008,40.82799999999999,0.0
import-formal,audio1k,w2-m16,183.064,143.993,21.342809072237035,38.125,50.46875,12.34375,33.64149999999999,10.469999999999985,50.167500000000004,0.0
import-formal,audio1k,w2-m64,183.064,135.9565,25.73280382816938,38.125,65.375,27.25,42.3895,36.535,49.6935,0.0
import-formal,audio1k,w4-m4,183.064,133.046,27.322684962636025,38.125,38.578125,0.453125,44.082499999999996,38.129999999999995,53.620000000000005,0.0
import-formal,audio1k,w4-m16,183.064,137.732,24.762924441725296,38.125,50.609375,12.484375,43.93999999999999,35.95999999999998,55.349999999999994,0.0
import-formal,audio1k,w4-m64,183.064,135.59550000000002,25.93000262203381,38.125,65.453125,27.328125,43.95399999999999,34.60899999999998,51.95199999999999,0.0
import-formal,audio1k,w1-m32,183.064,166.5225,9.03591093825109,38.125,65.25,27.125,15.088999999999984,-3.0819999999999936,29.743499999999997,0.0
import-shared-formal,shared1k,w2,62.6305,60.315,3.6970804959245096,32.328125,32.375,0.046875,1.8104999999999976,-1.1370000000000005,5.456000000000003,0.0
import-shared-formal,shared1k,w4,62.6305,57.8535,7.627274251363159,32.328125,32.78125,0.453125,3.407499999999999,1.8610000000000007,7.4145,0.0
payload-formal,large2m,pool16,101.5015,88.81200000000001,12.501785687896216,29.75,33.46875,3.71875,11.555,5.831000000000003,15.091999999999999,2.9712242888280116e-06
payload-formal,large2m,pool32,101.5015,88.43350000000001,12.874686580986472,29.75,33.6875,3.9375,11.704999999999998,10.615000000000009,14.873999999999995,1.4856121444140058e-06
payload-formal,large8m,pool16,278.8435,243.59449999999998,12.641140998445376,20.484375,24.078125,3.59375,34.989999999999995,29.632999999999996,38.396000000000015,0.0
payload-formal,large8m,pool32,278.8435,241.715,13.315174999596547,20.484375,24.0625,3.578125,34.63849999999999,29.36500000000001,43.687,0.0
text-formal,text1k,cache16,51.2695,50.121,2.240123270170369,24.96875,25.984375,1.015625,2.837500000000002,-2.895000000000003,7.343999999999998,0.0
text-formal,text1k,cache64,51.2695,51.712,-0.8630862403573358,24.96875,25.890625,0.921875,0.714500000000001,-3.383499999999998,3.9599999999999973,0.0
text-formal,text1k,cache16-w2,51.2695,49.6225,3.2124362437706555,24.96875,25.796875,0.828125,1.2520000000000024,-0.2629999999999981,6.517500000000002,0.0
text-formal,text1k,cache16-w4,51.2695,49.932500000000005,2.6077882561756915,24.96875,25.96875,1.0,1.1780000000000044,-1.5529999999999973,8.055999999999997,0.0
text-formal,text1k,cache64-w4,51.2695,49.1095,4.21303113937137,24.96875,26.0625,1.09375,2.522000000000002,-0.7789999999999964,8.801499999999997,0.0
text-formal,text1k,render2,51.2695,50.3335,1.8256468270609227,24.96875,25.125,0.15625,1.0300000000000011,-4.077999999999996,5.712999999999994,0.0
text-formal,text1k,render4,51.2695,49.943,2.587308243692654,24.96875,25.703125,0.734375,0.08149999999999835,-3.820999999999998,4.563500000000001,0.0
text-formal,text10k,cache16,332.72749999999996,339.00199999999995,-1.8857774004252592,119.953125,129.4375,9.484375,0.930499999999995,-14.485000000000014,12.823000000000036,0.0
text-formal,text10k,cache64,332.72749999999996,332.25350000000003,0.14245891908541974,119.953125,125.65625,5.703125,0.04449999999999932,-9.286000000000001,11.478000000000009,-2.726983915346537e-05
text-formal,text10k,cache16-w2,332.72749999999996,327.6545,1.5246710897055316,119.953125,129.265625,9.3125,5.2464999999999975,-14.058999999999969,21.971499999999992,-1.363491957118157e-05
text-formal,text10k,cache16-w4,332.72749999999996,321.688,3.3178802473495472,119.953125,127.0625,7.109375,9.141999999999996,5.921999999999997,23.74350000000001,-1.363491957118157e-05
text-formal,text10k,cache64-w4,332.72749999999996,321.486,3.3785905883944034,119.953125,128.90625,8.953125,10.797500000000014,4.401999999999987,17.805999999999983,-1.363491957118157e-05
text-formal,text10k,render2,332.72749999999996,331.1655,0.46945323124777394,119.953125,118.3125,-1.640625,7.427499999999981,-5.686000000000007,14.574999999999989,0.0
text-formal,text10k,render4,332.72749999999996,331.328,0.42061446679338976,119.953125,118.3125,-1.640625,7.7669999999999675,-13.771999999999991,20.322000000000003,0.0
text-formal,wide1k,cache16,334.91949999999997,338.3225,-1.016065054438453,139.828125,161.015625,21.1875,-10.426000000000045,-29.783500000000004,-2.906000000000006,-0.005034819003590929
text-formal,wide1k,cache64,334.91949999999997,334.8035,0.03463518845573388,139.828125,170.3125,30.484375,-7.0035000000000025,-25.766500000000008,9.234499999999997,-0.007576254683039352
text-formal,wide1k,cache16-w2,334.91949999999997,321.28549999999996,4.070828960391982,139.828125,160.578125,20.75,0.2629999999999768,-19.738,21.889999999999986,-0.002600166335897658
text-formal,wide1k,cache16-w4,334.91949999999997,317.1175,5.315307111111767,139.828125,160.828125,21.0,8.136499999999984,-6.349000000000018,23.11250000000001,-0.007554898080686101
text-formal,wide1k,cache64-w4,334.91949999999997,317.7025,5.140638272778975,139.828125,170.59375,30.765625,10.46350000000001,3.562999999999988,20.973499999999973,-0.0075815938336276645
text-formal,wide1k,render2,334.91949999999997,329.057,1.7504206234632336,139.828125,139.984375,0.15625,0.5964999999999918,-12.060999999999979,20.922000000000025,-0.005088210509462954
text-formal,wide1k,render4,334.91949999999997,326.909,2.3917687683159605,139.828125,139.9375,0.109375,-0.5440000000000111,-12.98150000000004,14.593000000000018,-0.0023812611618323487
