profile,label,notes,rust_time_ms_before,rust_time_ms_after,rust_time_ms_change_pct,rust_time_ms_delta,rust_rss_mib_before,rust_rss_mib_after,rust_rss_mib_change_pct,rust_rss_mib_delta,rust_apkg_bytes_before,rust_apkg_bytes_after,rust_apkg_bytes_change_pct,rust_apkg_bytes_delta,rust_time_ms_before_q1,rust_time_ms_before_q3,rust_time_ms_after_q1,rust_time_ms_after_q3,genanki_time_ms_before,genanki_time_ms_after,genanki_time_ms_change_pct,genanki_time_ms_delta,genanki_rss_mib_before,genanki_rss_mib_after,genanki_rss_mib_change_pct,genanki_rss_mib_delta,genanki_apkg_bytes_before,genanki_apkg_bytes_after,genanki_apkg_bytes_change_pct,genanki_apkg_bytes_delta,genanki_time_ms_before_q1,genanki_time_ms_before_q3,genanki_time_ms_after_q1,genanki_time_ms_after_q3,time_saved_pct_before,time_saved_pct_after,time_saved_change_pp,rust_relative_to_genanki_ratio_change_pct
basic-mixed-text-v1,纯文本,100,23.0535,40.036,73.66560392131348,16.9825,14.765625,14.03125,-4.973544973544975,-0.734375,73751.0,96382.0,30.685685617822124,22631.0,21.28575,26.68725,38.331500000000005,43.6695,95.9365,112.55199999999999,17.31926847445966,16.615499999999997,27.640625,28.109375,1.6958733747880261,0.46875,135386.0,135386.0,0.0,0.0,91.57825,100.407,110.58625,121.0625,75.97004268448401,64.42888620371028,-11.541156480773736,48.02820216963794
basic-mixed-text-v1,纯文本,200,25.0285,45.411,81.43716163573527,20.3825,16.40625,15.703125,-4.285714285714281,-0.703125,88904.0,134362.0,51.13155763520201,45458.0,23.77825,25.624000000000002,42.5325,47.831,96.599,116.467,20.567500698764984,19.867999999999995,28.078125,28.5,1.5025041736226985,0.421875,209114.0,209114.0,0.0,0.0,95.22175,99.86775,114.36125,120.351,74.09031149390782,61.009556355019015,-13.080755138888804,50.48596063134101
basic-mixed-text-v1,纯文本,500,34.763000000000005,59.9375,72.41751287288206,25.174499999999995,21.34375,20.296875,-4.904831625183014,-1.046875,133802.0,247734.5,85.15007249517946,113932.5,34.51025,37.5545,58.4545,61.93425,103.60900000000001,123.65299999999999,19.34580972695421,20.043999999999983,29.65625,29.46875,-0.6322444678609096,-0.1875,475354.0,475354.0,0.0,0.0,101.30775,107.43724999999999,121.88575,128.409,66.4478954530977,51.5276620866457,-14.920233366452003,44.468845003731715
basic-mixed-text-v1,纯文本,1000,53.871,90.99000000000001,68.9034916745559,37.11900000000001,30.0625,28.40625,-5.509355509355506,-1.65625,209225.0,436478.0,108.6165611184132,227253.0,51.639250000000004,56.461,86.86575,93.91375000000001,115.4695,132.2685,14.548430537934243,16.798999999999992,32.640625,32.671875,0.09573958831976537,0.03125,868570.0,868570.0,0.0,0.0,111.43125,121.83200000000001,130.77425,140.82475,53.34612170313373,31.208110774674225,-22.138010928459508,47.45159831641801
basic-image-unique-v2,独立图片,100,40.4955,950.267,2246.599004827697,909.7715000000001,20.765625,22.953125,10.534236267870579,2.1875,6501080.0,6539948.0,0.597869892387104,38868.0,38.883,45.34575,900.52475,969.0319999999999,122.781,140.40300000000002,14.352383512106925,17.622000000000014,28.640625,28.34375,-1.0365521003818823,-0.296875,6565050.0,6565050.0,0.0,0.0,119.92975,136.38774999999998,138.3885,142.2905,67.01810540718841,-576.8138857431821,-643.8319911503705,1952.0770383236077
basic-image-unique-v2,独立图片,200,62.847,2003.6354999999999,3088.1163778700648,1940.7884999999999,22.75,31.40625,38.04945054945055,8.65625,12943711.0,13021878.0,0.603899453564738,78167.0,59.3645,67.45275,1928.2134999999998,2043.30675,153.9725,174.0735,13.054928639854513,20.101,28.890625,29.3125,1.4602487831260058,0.421875,13068774.0,13068774.0,0.0,0.0,144.95875,162.69675,169.58375,193.66875,59.1829709850785,-1051.0284448810414,-1110.21141586612,2719.971155814059
basic-image-unique-v2,独立图片,500,114.956,4833.23,4104.417342287484,4718.273999999999,28.828125,56.40625,95.6639566395664,27.578125,32270817.0,32466413.0,0.6061079891469756,195596.0,111.65575,122.95375000000001,4793.73625,4934.80825,224.2305,265.641,18.467826633754104,41.41050000000001,31.875,31.5,-1.17647058823529,-0.375,32633194.0,32633194.0,0.0,0.0,213.784,231.1305,257.04224999999997,267.78875,48.73311168641198,-1719.4593455076586,-1768.1924571940706,3448.9950831000997
basic-image-unique-v2,独立图片,1000,238.638,9863.0955,4033.0783446056366,9624.457499999999,40.25,98.28125,144.17701863354034,58.03125,64481665.0,64874059.0,0.6085357752471099,392394.0,203.4565,261.5955,9590.81175,10131.25,365.4905,424.981,16.276893653870616,59.4905,35.765625,35.765625,0.0,0.0,65192774.0,65192774.0,0.0,0.0,345.86575000000005,505.63325000000003,397.5715,502.45599999999996,34.707468456772474,-2220.8321077883484,-2255.5395762451208,3454.5138975838604
basic-audio-unique-v2,独立音频,100,36.375,943.5845,2494.046735395189,907.2095,19.65625,19.6875,0.15898251192367763,0.03125,3260724.0,3299761.0,1.1971881091438652,39037.0,34.4095,39.22425,875.03475,950.669,112.2445,137.872,22.831853676572145,25.627500000000012,28.515625,28.171875,-1.2054794520547918,-0.34375,3354250.0,3354250.0,0.0,0.0,110.82825,114.233,134.24275,143.728,67.59306692087364,-584.3916821399558,-651.9847490608295,2011.868100782358
basic-audio-unique-v2,独立音频,200,50.4315,1942.411,3751.582840090023,1891.9795000000001,21.9375,25.046875,14.173789173789174,3.109375,6482423.0,6560737.0,1.2080976511406272,78314.0,48.139,52.058,1874.75675,1978.85225,137.20850000000002,159.988,16.60210555468502,22.779499999999985,29.109375,29.71875,2.093397745571668,0.609375,6643078.0,6643078.0,0.0,0.0,134.37699999999998,142.48075,156.52675,164.54874999999998,63.24462405754746,-1114.0979323449258,-1177.3425564024733,3203.184639563542
basic-audio-unique-v2,独立音频,500,93.4525,4606.968,4829.742917524945,4513.5154999999995,28.5,40.578125,42.37938596491229,12.078125,16130124.0,16325986.0,1.2142622090195898,195862.0,90.27074999999999,94.73525,4438.9132500000005,4808.73575,193.36950000000002,230.25400000000002,19.074621385482192,36.8845,32.03125,31.734375,-0.9268292682926838,-0.296875,16562810.0,16562810.0,0.0,0.0,188.127,202.75425,227.96525,285.7695,51.671540754876034,-1900.8199640397124,-1952.4915047945885,4040.045007210906
basic-audio-unique-v2,独立音频,1000,175.458,9388.619,5250.921018135395,9213.161,39.5625,66.796875,68.8388625592417,27.234375,32206630.0,32597929.0,1.2149641238465403,391299.0,161.32125,194.33325,8948.4545,9918.327000000001,298.8485,386.33299999999997,29.273862843547803,87.48449999999997,36.234375,36.15625,-0.21561017680034045,-0.078125,33043814.0,33043814.0,0.0,0.0,283.51125,410.23825,368.6915,437.41225,41.28864625387111,-2330.188205511826,-2371.476851765697,4039.213372629921
basic-mixed-unique-v2,混合独立媒体,100,33.647499999999994,659.8820000000001,1861.1620477004242,626.2345,20.078125,19.734375,-1.7120622568093435,-0.34375,3602017.0,3636122.0,0.9468306229537538,34105.0,31.194499999999998,42.58375,642.827,667.2719999999999,111.81,139.40499999999997,24.680261157320427,27.59499999999997,28.296875,28.28125,-0.0552181115405892,-0.015625,3674130.0,3674130.0,0.0,0.0,107.0275,115.39575,130.87475,142.54325,69.90653787675521,-373.3560489222052,-443.26258679896046,1472.9531118208417
basic-mixed-unique-v2,混合独立媒体,200,46.185500000000005,1393.252,2916.6437518268717,1347.0665,22.265625,25.296875,13.614035087719301,3.03125,7150235.0,7218533.0,0.9551853890116924,68298.0,45.37225,55.716499999999996,1356.7050000000002,1423.8905,127.40100000000001,151.236,18.708644359149428,23.83499999999998,29.21875,28.890625,-1.1229946524064172,-0.328125,7282658.0,7282658.0,0.0,0.0,124.18375,139.8955,149.8635,153.54524999999998,63.747929765072485,-821.2436192440954,-884.9915490091679,2441.2165795610526
basic-mixed-unique-v2,混合独立媒体,500,87.337,3276.538,3651.603558629218,3189.201,28.09375,41.703125,48.44271412680756,13.609375,17788371.0,17959347.0,0.961167270460006,170976.0,81.70675,114.22425,3196.41575,3456.469,177.579,212.2025,19.497519413894636,34.62349999999998,31.21875,31.5625,1.1011011011011096,0.34375,18161760.0,18161760.0,0.0,0.0,170.69150000000002,213.89975,207.46325,222.3825,50.81794581566514,-1444.0619219848966,-1494.8798678005617,3039.482373383056
basic-mixed-unique-v2,混合独立媒体,1000,160.06,6649.202,4054.1934274647006,6489.142,38.1875,68.171875,78.51882160392798,29.984375,35516477.0,35858388.0,0.962682757076383,341911.0,151.0895,184.40075,6422.66475,6918.30925,279.531,341.0005,21.990226486507748,61.46949999999998,35.203125,35.125,-0.22192632046160732,-0.078125,36249906.0,36249906.0,0.0,0.0,257.63225,347.69174999999996,319.88675,415.9355,42.739803456503935,-1849.9097508654681,-1892.6495543219721,3305.349385037956
basic-mixed-shared-v2,混合共享媒体,100,32.535,461.25300000000004,1317.7132319041036,428.7180000000001,20.0,18.375,-8.125000000000004,-1.625,2541408.0,2572090.5,1.207303195708831,30682.5,30.90625,34.036,429.93425,492.201,110.1425,129.3855,17.471003472773905,19.24300000000001,27.96875,28.046875,0.27932960893854997,0.078125,2613726.0,2613726.0,0.0,0.0,104.4205,118.09325,124.096,141.28900000000002,70.46099371269038,-256.4951250333306,-326.956118746021,1106.8622808969915
basic-mixed-shared-v2,混合共享媒体,200,35.5835,447.79499999999996,1158.4343867241837,412.21149999999994,21.5,20.203125,-6.031976744186052,-1.296875,2557021.0,2610637.0,2.0968150046479783,53616.0,34.2075,39.458749999999995,442.0975,460.0205,106.5685,133.19799999999998,24.988153159704773,26.62949999999998,28.78125,28.5,-0.9771986970684043,-0.28125,2687454.0,2687454.0,0.0,0.0,104.9285,110.27250000000001,124.042,137.62525,66.60973927567714,-236.1874802924969,-302.79721956817406,906.8429326387499
basic-mixed-shared-v2,混合共享媒体,500,45.3465,460.89300000000003,916.3805365353445,415.54650000000004,26.515625,24.796875,-6.482027106658805,-1.71875,2603635.0,2725254.0,4.671123256524057,121619.0,44.05325,49.827,450.94599999999997,471.52049999999997,112.43,134.28699999999998,19.440540780930338,21.85699999999997,30.28125,29.921875,-1.1867905056759498,-0.359375,2961886.0,2961886.0,0.0,0.0,111.2135,118.73825,131.762,135.67125,59.66690385128525,-243.21490538920378,-302.881809240489,750.9510505310924
basic-mixed-shared-v2,混合共享媒体,1000,69.0535,492.39250000000004,613.0594394201598,423.33900000000006,35.0625,32.90625,-6.149732620320858,-2.15625,2681091.0,2916193.0,8.768892961857699,235102.0,63.730999999999995,72.5555,467.8565,505.3945,124.0425,142.93099999999998,15.227442207307963,18.88849999999998,33.3125,33.34375,0.09380863039398779,0.03125,3375582.0,3375582.0,0.0,0.0,118.2375,127.806,142.25075,151.89575,44.330773726746884,-244.49664523441385,-288.82741896116073,518.8277946301025
