profile,notes,media_files,media_bytes,time_saved_pct,time_saved_ms,genanki_over_rust,rust_time_ms_n,rust_time_ms_median,rust_time_ms_q1,rust_time_ms_q3,rust_time_ms_min,rust_time_ms_max,rust_rss_mib_n,rust_rss_mib_median,rust_rss_mib_q1,rust_rss_mib_q3,rust_rss_mib_min,rust_rss_mib_max,rust_apkg_bytes_n,rust_apkg_bytes_median,rust_apkg_bytes_q1,rust_apkg_bytes_q3,rust_apkg_bytes_min,rust_apkg_bytes_max,genanki_time_ms_n,genanki_time_ms_median,genanki_time_ms_q1,genanki_time_ms_q3,genanki_time_ms_min,genanki_time_ms_max,genanki_rss_mib_n,genanki_rss_mib_median,genanki_rss_mib_q1,genanki_rss_mib_q3,genanki_rss_mib_min,genanki_rss_mib_max,genanki_apkg_bytes_n,genanki_apkg_bytes_median,genanki_apkg_bytes_q1,genanki_apkg_bytes_q3,genanki_apkg_bytes_min,genanki_apkg_bytes_max
basic-mixed-text-v1,100,0,0,75.97004268448401,72.883,4.161472227644392,10,23.0535,21.28575,26.68725,19.867,29.604,5,14.765625,14.65625,14.765625,14.640625,14.796875,10,73751.0,73751.0,73751.0,73751,73751,10,95.9365,91.57825,100.407,89.044,106.162,5,27.640625,27.46875,27.765625,27.296875,27.984375,10,135386.0,135386.0,135386.0,135386,135386
basic-mixed-text-v1,200,0,0,74.09031149390782,71.57050000000001,3.8595601014843077,10,25.0285,23.77825,25.624000000000002,22.921,32.107,5,16.40625,16.40625,16.46875,16.390625,16.53125,10,88904.0,88904.0,88904.0,88904,88904,10,96.599,95.22175,99.86775,91.779,123.451,5,28.078125,27.9375,28.28125,27.78125,28.796875,10,209114.0,209114.0,209114.0,209114,209114
basic-mixed-text-v1,500,0,0,66.4478954530977,68.846,2.98043897247073,10,34.763000000000005,34.51025,37.5545,33.261,50.13,5,21.34375,21.3125,21.34375,21.296875,21.390625,10,133802.0,133802.0,133802.0,133802,133802,10,103.60900000000001,101.30775,107.43724999999999,88.377,109.95,5,29.65625,29.40625,30.3125,29.359375,30.421875,10,475354.0,475354.0,475354.0,475354,475354
basic-mixed-text-v1,1000,0,0,53.34612170313373,61.598499999999994,2.1434445248835177,10,53.871,51.639250000000004,56.461,49.392,76.994,5,30.0625,29.875,30.109375,29.84375,30.234375,10,209225.0,209225.0,209225.0,209225,209225,10,115.4695,111.43125,121.83200000000001,108.907,249.411,5,32.640625,32.484375,32.65625,32.078125,32.6875,10,868570.0,868570.0,868570.0,868570,868570
basic-image-unique-v2,100,100,6415200,67.01810540718841,82.28550000000001,3.031966514797941,10,40.4955,38.883,45.34575,35.512,90.294,5,20.765625,20.546875,20.890625,20.15625,20.9375,10,6501080.0,6501080.0,6501080.0,6501080,6501080,10,122.781,119.92975,136.38774999999998,115.564,174.8,5,28.640625,28.53125,28.65625,28.078125,28.6875,10,6565050.0,6565050.0,6565050.0,6565050,6565050
basic-image-unique-v2,200,200,12830400,59.1829709850785,91.12549999999999,2.4499578341050485,10,62.847,59.3645,67.45275,53.237,76.905,5,22.75,22.734375,22.953125,22.46875,23.0,10,12943711.0,12943711.0,12943711.0,12943711,12943711,10,153.9725,144.95875,162.69675,139.465,198.741,5,28.890625,28.828125,29.109375,28.703125,29.140625,10,13068774.0,13068774.0,13068774.0,13068774,13068774
basic-image-unique-v2,500,500,32076000,48.73311168641198,109.2745,1.95057674240579,10,114.956,111.65575,122.95375000000001,105.638,132.585,5,28.828125,28.734375,28.9375,28.734375,29.65625,10,32270817.0,32270817.0,32270817.0,32270817,32270817,10,224.2305,213.784,231.1305,212.037,472.019,5,31.875,31.71875,32.234375,31.703125,32.25,10,32633194.0,32633194.0,32633194.0,32633194,32633194
basic-image-unique-v2,1000,1000,64152000,34.707468456772474,126.85249999999999,1.5315687359096204,10,238.638,203.4565,261.5955,196.291,1036.835,5,40.25,40.03125,40.390625,39.234375,40.796875,10,64481665.0,64481665.0,64481665.0,64481665,64481665,10,365.4905,345.86575000000005,505.63325000000003,332.371,635.479,5,35.765625,35.6875,36.15625,35.5625,36.171875,10,65192774.0,65192774.0,65192774.0,65192774,65192774
basic-audio-unique-v2,100,100,3204400,67.59306692087364,75.8695,3.0857594501718215,10,36.375,34.4095,39.22425,32.049,41.958,5,19.65625,19.546875,19.671875,19.515625,19.734375,10,3260724.0,3260724.0,3260724.0,3260724,3260724,10,112.2445,110.82825,114.233,104.768,137.702,5,28.515625,28.234375,28.578125,28.203125,28.6875,10,3354250.0,3354250.0,3354250.0,3354250,3354250
basic-audio-unique-v2,200,200,6408800,63.24462405754746,86.77700000000002,2.720690441489942,10,50.4315,48.139,52.058,46.522,82.216,5,21.9375,21.609375,22.03125,21.46875,22.46875,10,6482423.0,6482423.0,6482423.0,6482423,6482423,10,137.20850000000002,134.37699999999998,142.48075,126.941,211.749,5,29.109375,28.96875,29.59375,28.84375,29.734375,10,6643078.0,6643078.0,6643078.0,6643078,6643078
basic-audio-unique-v2,500,500,16022000,51.671540754876034,99.91700000000002,2.06917417939595,10,93.4525,90.27074999999999,94.73525,87.534,146.522,5,28.5,28.28125,28.53125,28.234375,28.9375,10,16130124.0,16130124.0,16130124.0,16130124,16130124,10,193.36950000000002,188.127,202.75425,170.469,227.675,5,32.03125,32.0,32.171875,31.328125,32.390625,10,16562810.0,16562810.0,16562810.0,16562810,16562810
basic-audio-unique-v2,1000,1000,32044000,41.28864625387111,123.3905,1.7032480707633737,10,175.458,161.32125,194.33325,156.822,263.346,5,39.5625,39.34375,39.640625,39.25,40.265625,10,32206630.0,32206630.0,32206630.0,32206630,32206630,10,298.8485,283.51125,410.23825,265.879,486.85,5,36.234375,36.1875,36.40625,35.75,36.8125,10,33043814.0,33043814.0,33043814.0,33043814,33043814
basic-mixed-unique-v2,100,70,3527400,69.90653787675521,78.16250000000001,3.3229809049706525,10,33.647499999999994,31.194499999999998,42.58375,29.811,65.198,5,20.078125,20.078125,20.078125,20.0,20.1875,10,3602017.0,3602017.0,3602017.0,3602017,3602017,10,111.81,107.0275,115.39575,105.085,253.628,5,28.296875,28.21875,28.5625,27.96875,28.59375,10,3674130.0,3674130.0,3674130.0,3674130,3674130
basic-mixed-unique-v2,200,140,7054800,63.747929765072485,81.2155,2.758463154020201,10,46.185500000000005,45.37225,55.716499999999996,42.783,80.842,5,22.265625,22.03125,22.265625,21.75,22.546875,10,7150235.0,7150235.0,7150235.0,7150235,7150235,10,127.40100000000001,124.18375,139.8955,110.645,200.742,5,29.21875,29.1875,29.25,29.0,29.40625,10,7282658.0,7282658.0,7282658.0,7282658,7282658
basic-mixed-unique-v2,500,350,17637000,50.81794581566514,90.242,2.0332619622840262,10,87.337,81.70675,114.22425,76.631,174.036,5,28.09375,28.015625,28.109375,27.75,28.3125,10,17788371.0,17788371.0,17788371.0,17788371,17788371,10,177.579,170.69150000000002,213.89975,166.084,254.815,5,31.21875,31.09375,31.4375,31.0,32.046875,10,18161760.0,18161760.0,18161760.0,18161760,18161760
basic-mixed-unique-v2,1000,700,35274000,42.739803456503935,119.471,1.746413844808197,10,160.06,151.0895,184.40075,142.848,258.934,5,38.1875,37.984375,38.25,37.96875,38.734375,10,35516477.0,35516477.0,35516477.0,35516477,35516477,10,279.531,257.63225,347.69174999999996,241.948,721.014,5,35.203125,35.078125,35.203125,35.03125,35.515625,10,36249906.0,36249906.0,36249906.0,36249906,36249906
basic-mixed-shared-v2,100,49,2469180,70.46099371269038,77.6075,3.385354233901952,10,32.535,30.90625,34.036,26.84,47.455,5,20.0,20.0,20.15625,19.796875,20.640625,10,2541408.0,2541408.0,2541408.0,2541408,2541408,10,110.1425,104.4205,118.09325,97.998,276.54,5,27.96875,27.921875,28.15625,27.890625,28.234375,10,2613726.0,2613726.0,2613726.0,2613726,2613726
basic-mixed-shared-v2,200,49,2469180,66.60973927567714,70.985,2.9948852698582207,10,35.5835,34.2075,39.458749999999995,29.727,74.711,5,21.5,21.46875,21.5625,21.390625,21.640625,10,2557021.0,2557021.0,2557021.0,2557021,2557021,10,106.5685,104.9285,110.27250000000001,104.333,115.227,5,28.78125,28.453125,28.90625,28.28125,29.359375,10,2687454.0,2687454.0,2687454.0,2687454,2687454
basic-mixed-shared-v2,500,49,2469180,59.66690385128525,67.08350000000002,2.4793534230866774,10,45.3465,44.05325,49.827,41.854,64.532,5,26.515625,26.421875,26.578125,26.359375,26.78125,10,2603635.0,2603635.0,2603635.0,2603635,2603635,10,112.43,111.2135,118.73825,103.963,132.852,5,30.28125,30.203125,30.296875,30.1875,30.421875,10,2961886.0,2961886.0,2961886.0,2961886,2961886
basic-mixed-shared-v2,1000,49,2469180,44.330773726746884,54.989000000000004,1.7963245889057036,10,69.0535,63.730999999999995,72.5555,62.881,103.55,5,35.0625,35.03125,35.15625,35.015625,35.59375,10,2681091.0,2681091.0,2681091.0,2681091,2681091,10,124.0425,118.2375,127.806,115.66,196.474,5,33.3125,32.890625,33.390625,32.71875,33.703125,10,3375582.0,3375582.0,3375582.0,3375582,3375582
