profile,label,notes,rust_time_ms_after,rust_time_ms_historical,rust_time_ms_change_from_historical_pct,rust_time_ms_preceding,rust_time_ms_change_from_preceding_pct,rust_rss_mib_after,rust_rss_mib_historical,rust_rss_mib_change_from_historical_pct,rust_rss_mib_preceding,rust_rss_mib_change_from_preceding_pct,rust_apkg_bytes_after,rust_apkg_bytes_historical,rust_apkg_bytes_change_from_historical_pct,rust_apkg_bytes_preceding,rust_apkg_bytes_change_from_preceding_pct,rust_time_ms_after_q1,rust_time_ms_after_q3,genanki_time_ms_after,genanki_time_ms_historical,genanki_time_ms_change_from_historical_pct,genanki_time_ms_preceding,genanki_time_ms_change_from_preceding_pct,genanki_rss_mib_after,genanki_rss_mib_historical,genanki_rss_mib_change_from_historical_pct,genanki_rss_mib_preceding,genanki_rss_mib_change_from_preceding_pct,genanki_apkg_bytes_after,genanki_apkg_bytes_historical,genanki_apkg_bytes_change_from_historical_pct,genanki_apkg_bytes_preceding,genanki_apkg_bytes_change_from_preceding_pct,genanki_time_ms_after_q1,genanki_time_ms_after_q3,rust_over_genanki_after,rust_over_genanki_historical,ratio_change_from_historical_pct,rust_over_genanki_preceding,ratio_change_from_preceding_pct
basic-mixed-text-v1,纯文本,100,36.617000000000004,23.0535,58.83488407400179,31.381500000000003,16.68339626850215,14.34375,14.765625,-2.857142857142858,14.09375,1.7738359201773912,96384.0,73751.0,30.68839744545837,96381.5,0.0025938587799423374,34.8675,41.61275,112.982,95.9365,17.767481615443547,89.6755,25.989818846842216,27.90625,27.640625,0.9609949123798867,26.703125,4.505558806319487,135386.0,135386.0,0.0,135386.0,0.0,111.8535,117.6485,0.3240958736789932,0.24029957315515993,34.87159774092752,0.34994507975980066,-7.386646527092244
basic-mixed-text-v1,纯文本,200,41.171,25.0285,64.49647401961762,34.519999999999996,19.267091541135596,15.90625,16.40625,-3.0476190476190435,15.796875,0.6923837784371889,134362.0,88904.0,51.13155763520201,134361.0,0.0007442635883814219,38.5,44.53874999999999,116.58449999999999,96.599,20.689137568711867,89.2565,30.617378006083573,28.53125,28.078125,1.6138007790762465,27.109375,5.244956772334297,209114.0,209114.0,0.0,209114.0,0.0,115.44375,118.00625,0.3531429992837813,0.25909688506092193,36.297663015418394,0.3867505447782514,-8.689721565548004
basic-mixed-text-v1,纯文本,500,54.941500000000005,34.763000000000005,58.045910882259854,48.3335,13.671676994217275,20.71875,21.34375,-2.9282576866764276,20.515625,0.990099009900991,247735.0,133802.0,85.15044618167143,247733.0,0.0008073207848680042,53.47475,58.091499999999996,132.6755,103.60900000000001,28.054030055304068,96.1445,37.99593320470751,29.84375,29.65625,0.6322444678608985,29.515625,1.111699311805192,475354.0,475354.0,0.0,475354.0,0.0,123.085,138.454,0.41410433727402574,0.335521045469023,23.421270548066996,0.5027172641180723,-17.626792069594444
basic-mixed-text-v1,纯文本,1000,74.14150000000001,53.871,37.62785171984928,61.5935,20.372279542484193,29.078125,30.0625,-3.274428274428276,28.984375,0.32345013477088624,436478.0,209225.0,108.6165611184132,436477.0,0.00022910714654322817,73.60525,77.00625000000001,131.885,115.4695,14.21630820259896,103.06049999999999,27.968523343084883,32.515625,32.640625,-0.3829583532790837,31.328125,3.790523690773062,868570.0,868570.0,0.0,868570.0,0.0,128.51274999999998,133.28725,0.562167797702544,0.46653878296866275,20.4975488051343,0.5976441022506198,-5.936025205382012
basic-image-unique-v2,独立图片,100,62.314,40.4955,53.87882604239977,56.346000000000004,10.591701274269694,24.4375,20.765625,17.682468021068477,24.265625,0.7083065035415226,6539950.0,6501080.0,0.5979006565063116,6539947.0,4.587193138672063e-05,59.701,70.216,140.619,122.781,14.528306496933553,108.905,29.120793352004036,27.75,28.640625,-3.109656301145658,27.875,-0.4484304932735439,6565050.0,6565050.0,0.0,6565050.0,0.0,138.80025,143.0915,0.44314068511367594,0.3298189459281159,34.35877186092837,0.5173867131903953,-14.350199992359924
basic-image-unique-v2,独立图片,200,121.901,62.847,93.96470794150873,95.485,27.665078284547317,26.71875,22.75,17.44505494505495,26.6875,0.11709601873535203,13021878.0,12943711.0,0.603899453564738,13021878.0,0.0,113.12774999999999,127.20875,169.61599999999999,153.9725,10.159931156537683,129.255,31.22587133960002,28.953125,28.890625,0.21633315305571443,28.03125,3.2887402452619785,13068774.0,13068774.0,0.0,13068774.0,0.0,166.136,172.327,0.7186880954626922,0.40817029014921496,76.07555297568598,0.7387335112761596,-2.7134840246842207
basic-image-unique-v2,独立图片,500,207.209,114.956,80.25070461741883,202.047,2.5548510990017315,32.984375,28.828125,14.417344173441737,33.015625,-0.09465215333648302,32466414.0,32270817.0,0.6061110879219456,32466412.0,6.160212584482849e-06,202.43849999999998,216.34625,259.956,224.2305,15.932489112765658,197.632,31.535378886010367,31.921875,31.875,0.14705882352941124,31.40625,1.6417910447761086,32633194.0,32633194.0,0.0,32633194.0,0.0,256.59000000000003,268.32625,0.7970925848989828,0.5126688831358802,55.47902576480688,1.0223394996761657,-22.032496528651357
basic-image-unique-v2,独立图片,1000,483.938,238.638,102.79167609517343,408.419,18.490569733533448,43.59375,40.25,8.30745341614907,44.390625,-1.7951425554382228,64874061.0,64481665.0,0.6085388769039968,64874059.0,3.0828963604179194e-06,426.31600000000003,522.946,438.678,365.4905,20.02446028008935,321.007,36.65683302856324,35.71875,35.765625,-0.1310615989515096,35.28125,1.240035429583708,65192774.0,65192774.0,0.0,65192774.0,0.0,410.812,481.73900000000003,1.1031736262133045,0.6529253154322753,68.9586236188343,1.2723055883516559,-13.293344278827812
basic-audio-unique-v2,独立音频,100,54.772,36.375,50.57594501718212,50.0745,9.381022276807549,22.9375,19.65625,16.693163751987285,22.71875,0.9628610729023324,3299762.0,3260724.0,1.197218777179554,3299760.0,6.061046864402897e-05,53.42975,56.80975,135.075,112.2445,20.33997211444658,104.061,29.803672845734685,28.25,28.515625,-0.9315068493150669,27.84375,1.4590347923681302,3354250.0,3354250.0,0.0,3354250.0,0.0,133.58925,138.24824999999998,0.40549324449379975,0.3240693307912637,25.125461117757553,0.48120333266065096,-15.73349206628265
basic-audio-unique-v2,独立音频,200,82.572,50.4315,63.73100145742245,75.37049999999999,9.554799291500004,26.09375,21.9375,18.945868945868938,25.9375,0.6024096385542244,6560737.0,6482423.0,1.2080976511406272,6560735.0,3.048438932395925e-05,80.28075000000001,97.9745,162.561,137.20850000000002,18.4773538082553,123.3365,31.802832089446365,29.296875,29.109375,0.6441223832528209,27.6875,5.8126410835214415,6643078.0,6643078.0,0.0,6643078.0,0.0,159.357,167.662,0.50794470998579,0.3675537594245254,38.196031726371956,0.6110964718473444,-16.8797835716064
basic-audio-unique-v2,独立音频,500,206.8585,93.4525,121.3514887242182,169.40449999999998,22.10921197488851,32.34375,28.5,13.486842105263165,32.9375,-1.8026565464895672,16325985.0,16130124.0,1.2142560094392296,16325984.5,3.0626024383195727e-06,178.23425,227.88075,228.3715,193.36950000000002,18.101096605204027,178.844,27.69312920757756,31.625,32.03125,-1.2682926829268304,31.046875,1.8621036738802221,16562810.0,16562810.0,0.0,16562810.0,0.0,225.69225,234.29825,0.9057982278874552,0.48328459245123967,87.4254304887331,0.9472193643622374,-4.372919097010963
basic-audio-unique-v2,独立音频,1000,357.3335,175.458,103.65757047270571,348.73900000000003,2.4644504916284005,43.578125,39.5625,10.150078988941559,43.75,-0.39285714285713924,32597929.0,32206630.0,1.2149641238465403,32597928.0,3.067679643642407e-06,298.7075,410.7155,358.4635,298.8485,19.94823464062896,272.92499999999995,31.341394155903668,35.8125,36.234375,-1.1642949547218673,35.75,0.17482517482516613,33043814.0,33043814.0,0.0,33043814.0,0.0,350.5565,367.95525,0.9968476567349256,0.5871135374612889,69.78788481787517,1.277783273793167,-21.986171115252528
basic-mixed-unique-v2,混合独立媒体,100,55.049,33.647499999999994,63.605022661416186,47.0585,16.9799292370135,23.28125,20.078125,15.95330739299612,23.203125,0.33670033670034627,3636123.5,3602017.0,0.9468722662885787,3636121.0,6.875458764543652e-05,52.32525,60.943749999999994,129.7215,111.81,16.01958679903406,102.16,26.978758809710257,28.0625,28.296875,-0.8282716731087825,27.40625,2.394526795895091,3674130.0,3674130.0,0.0,3674130.0,0.0,127.6675,132.56,0.42436296219208075,0.30093462123244785,41.015002014106706,0.4606352779953015,-7.874411174298023
basic-mixed-unique-v2,混合独立媒体,200,73.60050000000001,46.185500000000005,59.35845665847508,71.70349999999999,2.6456170200896967,26.484375,22.265625,18.947368421052623,26.453125,0.11813349084466296,7218534.0,7150235.0,0.955199374566007,7218532.0,2.770646441163649e-05,70.755,76.58825,151.6705,127.40100000000001,19.049693487492235,121.3925,24.94223283975534,28.703125,29.21875,-1.764705882352946,28.515625,0.6575342465753531,7282658.0,7282658.0,0.0,7282658.0,0.0,149.36624999999998,152.9645,0.4852657570193281,0.36252070234927514,33.858771064553636,0.5906748769487405,-17.84553974496531
basic-mixed-unique-v2,混合独立媒体,500,210.304,87.337,140.79599711462495,143.5935,46.45788284288634,32.125,28.09375,14.349276974416014,32.390625,-0.8200675349734676,17959347.0,17788371.0,0.961167270460006,17959345.0,1.1136263600164398e-05,189.9495,225.70175,218.2055,177.579,22.877986698877685,158.7935,37.41462969202141,31.0625,31.21875,-0.5005005005005003,30.03125,3.433922996878258,18161760.0,18161760.0,0.0,18161760.0,0.0,208.4365,231.41825,0.9637887220991221,0.4918205418433486,95.9634948322475,0.9042781977851739,6.5809973589660675
basic-mixed-unique-v2,混合独立媒体,1000,272.6495,160.06,70.34205922778958,267.57050000000004,1.8981913178022003,41.734375,38.1875,9.28805237315875,42.734375,-2.3400365630713016,35858388.0,35516477.0,0.962682757076383,35858387.0,2.788747854864937e-06,256.66025,319.92575,313.07500000000005,279.531,12.000100167781058,231.51600000000002,35.22823476563175,34.9375,35.203125,-0.7545494895694671,34.21875,2.100456621004576,36249906.0,36249906.0,0.0,36249906.0,0.0,304.80025,318.63075000000003,0.8708759881817454,0.5726019654349607,52.09098828716199,1.1557322172117694,-24.647251741172905
basic-mixed-shared-v2,混合共享媒体,100,48.459999999999994,32.535,48.947287536499154,45.6395,6.17995376811753,22.015625,20.0,10.078125000000004,21.953125,0.2846975088967918,2572092.0,2541408.0,1.2073622181090204,2572089.0,0.00011663671046768798,46.70875,53.2395,125.095,110.1425,13.575595251605876,99.42949999999999,25.812761806103836,28.078125,27.96875,0.3910614525139744,27.125,3.5138248847926157,2613726.0,2613726.0,0.0,2613726.0,0.0,124.27275,128.35975,0.38738558695391495,0.2953900628730962,31.143743694702874,0.45901367300449064,-15.604782659682325
basic-mixed-shared-v2,混合共享媒体,200,51.3915,35.5835,44.425084660025014,43.834,17.24118264360999,23.796875,21.5,10.683139534883711,23.640625,0.6609385327164485,2610637.0,2557021.0,2.0968150046479783,2610635.0,7.660971372835945e-05,49.165499999999994,53.522499999999994,127.4435,106.5685,19.58833989405875,99.377,28.24245046640572,28.546875,28.78125,-0.8143322475570036,27.796875,2.6981450252951067,2687454.0,2687454.0,0.0,2687454.0,0.0,127.1255,128.922,0.40324928301561086,0.33390260724322857,20.768533778434172,0.4410879781035854,-8.57849158588686
basic-mixed-shared-v2,混合共享媒体,500,68.10849999999999,45.3465,50.19571521506621,57.441,18.57122960951234,28.375,26.515625,7.012374779021813,28.46875,-0.3293084522502765,2725254.0,2603635.0,4.671123256524057,2725253.0,3.669384089910466e-05,66.1325,73.034,137.3515,112.43,22.166236769545478,102.2695,34.30348246544668,30.359375,30.28125,0.25799793601650745,29.125,4.238197424892709,2961886.0,2961886.0,0.0,2961886.0,0.0,131.6885,142.78,0.49587008514650366,0.40333096148714753,22.9437193014266,0.5616630569231297,-11.713957499189876
basic-mixed-shared-v2,混合共享媒体,1000,93.41050000000001,69.0535,35.27265091559446,85.22200000000001,9.60843444181081,36.703125,35.0625,4.679144385026746,36.9375,-0.6345177664974666,2916193.0,2681091.0,8.768892961857699,2916192.0,3.42912949591323e-05,88.1985,96.20150000000001,145.276,124.0425,17.117923292419945,114.32849999999999,27.068928569866667,32.5,33.3125,-2.4390243902439046,32.65625,-0.4784688995215336,3375582.0,3375582.0,0.0,3375582.0,0.0,142.936,146.45499999999998,0.6429864533715136,0.5566922627325311,15.50123765245206,0.7454134358449557,-13.74096273933364
