profile,label,notes,sep21_ms,current_ms,time_change_pct,sep21_rss_mib,current_rss_mib,rss_change_mib,sep21_apkg_bytes,current_apkg_bytes,genanki_ms
basic-mixed-text-v1,纯文本,100,23.0535,31.572000000000003,36.95100527034943,14.765625,13.765625,-1.0,73751.0,96383.0,109.619
basic-mixed-text-v1,纯文本,200,25.0285,38.0775,52.13656431667899,16.40625,15.078125,-1.328125,88904.0,134362.5,112.67150000000001
basic-mixed-text-v1,纯文本,500,34.763000000000005,50.7465,45.97848286971777,21.34375,18.84375,-2.5,133802.0,247736.0,121.83449999999999
basic-mixed-text-v1,纯文本,1000,53.871,67.8,25.856212062148455,30.0625,25.546875,-4.515625,209225.0,436478.5,134.2865
basic-image-unique-v2,独立图片,100,40.4955,55.32,36.6077712338408,20.765625,20.828125,0.0625,6501080.0,6539949.0,154.95
basic-image-unique-v2,独立图片,200,62.847,90.9295,44.683914904450496,22.75,22.828125,0.078125,12943711.0,13021879.0,203.64600000000002
basic-image-unique-v2,独立图片,500,114.956,188.86599999999999,64.29416472389433,28.828125,28.03125,-0.796875,32270817.0,32466414.0,310.93600000000004
basic-image-unique-v2,独立图片,1000,238.638,323.6335,35.616917674469285,40.25,36.34375,-3.90625,64481665.0,64874061.0,564.4855
basic-audio-unique-v2,独立音频,100,36.375,49.924,37.24810996563575,19.65625,21.09375,1.4375,3260724.0,3299763.0,138.78050000000002
basic-audio-unique-v2,独立音频,200,50.4315,69.5335,37.87712045051208,21.9375,24.015625,2.078125,6482423.0,6560738.0,169.4445
basic-audio-unique-v2,独立音频,500,93.4525,145.29,55.46935608999224,28.5,29.515625,1.015625,16130124.0,16325985.0,258.1845
basic-audio-unique-v2,独立音频,1000,175.458,247.46499999999997,41.039451036715334,39.5625,38.1875,-1.375,32206630.0,32597929.0,422.3895
basic-mixed-unique-v2,混合独立媒体,100,33.647499999999994,51.116,51.916189910097366,20.078125,22.328125,2.25,3602017.0,3636124.0,137.17849999999999
basic-mixed-unique-v2,混合独立媒体,200,46.185500000000005,66.5535,44.100421127843134,22.265625,24.53125,2.265625,7150235.0,7218534.0,157.39999999999998
basic-mixed-unique-v2,混合独立媒体,500,87.337,127.437,45.914102843010404,28.09375,29.609375,1.515625,17788371.0,17959347.0,234.2145
basic-mixed-unique-v2,混合独立媒体,1000,160.06,235.637,47.21791828064477,38.1875,37.265625,-0.921875,35516477.0,35858390.0,372.6595
basic-mixed-shared-v2,混合共享媒体,100,32.535,44.6485,37.23221146457662,20.0,21.171875,1.171875,2541408.0,2572092.0,125.9565
basic-mixed-shared-v2,混合共享媒体,200,35.5835,46.292,30.09400424353985,21.5,22.1875,0.6875,2557021.0,2610637.0,129.79149999999998
basic-mixed-shared-v2,混合共享媒体,500,45.3465,66.35249999999999,46.32331050908007,26.515625,26.25,-0.265625,2603635.0,2725255.0,142.1745
basic-mixed-shared-v2,混合共享媒体,1000,69.0535,83.615,21.08727291158303,35.0625,32.734375,-2.328125,2681091.0,2916193.0,152.2705
