profile,notes,historical_rust_ms,current_rust_ms,historical_delta_pct,preceding_archived_rust_ms,preceding_archived_delta_pct,historical_rss_mib,current_rss_mib,historical_genanki_ms,current_genanki_ms,historical_rust_genanki_ratio,current_rust_genanki_ratio,historical_apkg_bytes,current_apkg_bytes
basic-mixed-text-v1,100,23.0535,34.004000000000005,47.500379551911884,36.617000000000004,-7.136029712974845,14.765625,14.234375,95.9365,86.8255,0.24029957315515993,0.39163609769019475,73751.0,96383.0
basic-mixed-text-v1,200,25.0285,37.650999999999996,50.43250694208601,41.171,-8.549707318258005,16.40625,15.671875,96.599,92.4765,0.25909688506092193,0.4071412737290014,88904.0,134363.0
basic-mixed-text-v1,500,34.763000000000005,45.985,32.28144866668583,54.941500000000005,-16.301884731942163,21.34375,19.875,103.60900000000001,94.45400000000001,0.335521045469023,0.4868507421602049,133802.0,247734.5
basic-mixed-text-v1,1000,53.871,60.506,12.316459690742686,74.14150000000001,-18.391184424377716,30.0625,27.5,115.4695,101.716,0.46653878296866275,0.5948523339494278,209225.0,436478.0
basic-image-unique-v2,100,40.4955,52.1335,28.738995690879232,62.314,-16.337420162403316,20.765625,22.6875,122.781,108.31899999999999,0.3298189459281159,0.4812959868536453,6501080.0,6539949.0
basic-image-unique-v2,200,62.847,84.87950000000001,35.05736152879215,121.901,-30.37013642217864,22.75,24.6875,153.9725,137.85250000000002,0.40817029014921496,0.6157269545347381,12943711.0,13021878.0
basic-image-unique-v2,500,114.956,168.603,46.66742057830822,207.209,-18.631430101974335,28.828125,30.59375,224.2305,203.007,0.5126688831358802,0.8305280113493624,32270817.0,32466413.5
basic-image-unique-v2,1000,238.638,336.36,40.949890629321395,483.938,-30.49522872764693,40.25,40.578125,365.4905,346.229,0.6529253154322753,0.9714957441462154,64481665.0,64874060.0
basic-audio-unique-v2,100,36.375,48.070499999999996,32.15257731958763,54.772,-12.235266194405902,19.65625,22.75,112.2445,106.4065,0.3240693307912637,0.4517628152415501,3260724.0,3299760.0
basic-audio-unique-v2,200,50.4315,67.037,32.926841359071226,82.572,-18.81388364094365,21.9375,25.75,137.20850000000002,125.4205,0.3675537594245254,0.5344979488999008,6482423.0,6560737.0
basic-audio-unique-v2,500,93.4525,126.9405,35.83424734490783,206.8585,-38.63413879536011,28.5,31.578125,193.36950000000002,181.4235,0.48328459245123967,0.6996916055527537,16130124.0,16325986.0
basic-audio-unique-v2,1000,175.458,249.902,42.428387420351314,357.3335,-30.064771425013337,39.5625,41.09375,298.8485,279.9865,0.5871135374612889,0.8925501765263683,32206630.0,32597929.0
basic-mixed-unique-v2,100,33.647499999999994,50.349500000000006,49.63816033880679,55.049,-8.536939817253709,20.078125,23.734375,111.81,99.11250000000001,0.30093462123244785,0.5080035313406482,3602017.0,3636122.0
basic-mixed-unique-v2,200,46.185500000000005,72.35849999999999,56.669300971083956,73.60050000000001,-1.687488536083337,22.265625,26.234375,127.40100000000001,114.54400000000001,0.36252070234927514,0.631709212180472,7150235.0,7218533.0
basic-mixed-unique-v2,500,87.337,116.978,33.938651430665125,210.304,-44.3767118076689,28.09375,31.6875,177.579,162.26299999999998,0.4918205418433486,0.7209160437068217,17788371.0,17959347.0
basic-mixed-unique-v2,1000,160.06,208.2425,30.102773959765084,272.6495,-23.62263638847677,38.1875,40.59375,279.531,245.952,0.5726019654349607,0.846679433385376,35516477.0,35858388.0
basic-mixed-shared-v2,100,32.535,41.5265,27.636391578300312,48.459999999999994,-14.3076764341725,20.0,22.15625,110.1425,99.22800000000001,0.2953900628730962,0.41849578747934046,2541408.0,2572090.5
basic-mixed-shared-v2,200,35.5835,45.1265,26.818609748900467,51.3915,-12.190731930377597,21.5,23.453125,106.5685,102.6175,0.33390260724322857,0.43975442785100005,2557021.0,2610637.0
basic-mixed-shared-v2,500,45.3465,64.344,41.89408223346896,68.10849999999999,-5.527210260099691,26.515625,28.296875,112.43,108.1445,0.40333096148714753,0.5949817142804303,2603635.0,2725254.0
basic-mixed-shared-v2,1000,69.0535,78.9795,14.374361907796128,93.41050000000001,-15.44901269129274,35.0625,35.671875,124.0425,115.51599999999999,0.5566922627325311,0.6837104816648777,2681091.0,2916193.0
